Links,Name
http://www.mineral.k12.nv.us/files/6.4.19_minutes.pdf,2019-06-04
http://www.mineral.k12.nv.us/files/5.28.19_minutes.pdf,2019-05-28
http://www.mineral.k12.nv.us/files/5.7.19_minutes.pdf,2019-05-07
http://www.mineral.k12.nv.us/files/4.23.19_minutes.pdf,2019-04-23
http://www.mineral.k12.nv.us/files/4.8.19_minutes.pdf,2019-04-08
http://www.mineral.k12.nv.us/files/3.5.19_minutes.pdf,2019-03-19
http://www.mineral.k12.nv.us/files/3.5.19.pdf,2019-03-05
http://www.mineral.k12.nv.us/files/2.26.19_minutes.pdf,2019-02-26
http://www.mineral.k12.nv.us/files/2.5.19_minutes.pdf,2019-02-05
http://www.mineral.k12.nv.us/files/8.7.18_minutes.pdf,2018-08-07
http://www.mineral.k12.nv.us/files/7.24.18_minutes.pdf,2018-07-24
http://www.mineral.k12.nv.us/files/6.19.18_minutes.pdf,2108-06-19
http://www.mineral.k12.nv.us/files/4.17.18.pdf,2018-04-17
"http://www.mineral.k12.nv.us/files/april_2,_2018_minutes.pdf",2018-04-02
http://www.mineral.k12.nv.us/files/3.8.18.pdf,2018-03-08
"http://www.mineral.k12.nv.us/files/march_6,_2018_minutes.pdf",2018-03-06
http://www.mineral.k12.nv.us/files/1.5.17_minutes.pdf,2017-01-05
http://www.mineral.k12.nv.us/files/1.26.17_minutes.pdf,2017-01-26
http://www.mineral.k12.nv.us/files/2.2.17_minutes.pdf,2017-02-02
http://www.mineral.k12.nv.us/files/2.16.17_minutes.pdf,2017-02-16
http://www.mineral.k12.nv.us/files/3.2.17__minutes.pdf,2017-03-02
http://www.mineral.k12.nv.us/files/3.16.17_minutes.pdf,2017-03-16
http://www.mineral.k12.nv.us/files/4.12.17_minutes.pdf,2017-04-12
http://www.mineral.k12.nv.us/files/5.1.17_Minutes.pdf,2017-05-01
http://www.mineral.k12.nv.us/files/5.4.17_minutes.pdf,2017-05-04
